File,True positives,False positives,False negatives,Precision,Recall
'./Actual/cropped/01f.png',30.0,657.0,4.0,0.043668122270742356,0.8823529411764706
'./Actual/cropped/02f.png',25.0,174.0,22.0,0.12562814070351758,0.5319148936170213
'./Actual/cropped/03f.png',10.0,1.0,19.0,0.9090909090909091,0.3448275862068966
